"0","# Can you improve this analysis code?"
"0","library(bio3d)"
"0",""
"0","run_analysis <- function(pdb_name){"
"0","  s <- read.pdb(pdb_name)"
"0","  s.chainA <- trim.pdb(s, chain=""A"", elety=""CA"")"
"0","  s.b <- s.chainA$atom$b"
"0","  plotb3(s.b, sse=s.chainA, typ=""l"", ylab=""Bfactor"")"
"0","  return(s.b)"
"0","}"
"0",""
"0","#for (pdb_name in c(""4AKE"", ""1AKE"", ""1E4Y"")){"
"0","#  run_analysis(pdb_name)"
"0","#}"
"0","s1.b <- run_analysis(""4AKE"")"
"1","  Note: Accessing on-line PDB file
"
